{"cameraMode":{"drawMode":0,"name":"Shaded","section":"Shading Mode"},"sceneLighting":true,"audioPlay":false,"sceneViewState":{"showFog":true,"showMaterialUpdate":false,"showSkybox":true,"showFlares":true,"showImageEffects":true,"showParticleSystems":true},"in2DMode":false,"pivot":{"x":-1.9624700546264649,"y":12.590856552124024,"z":15.306512832641602},"rotation":{"x":0.7068989276885986,"y":-0.0016934714512899519,"z":0.0017009393777698279,"w":0.7073230743408203},"size":45.66304397583008,"orthographic":true}