{"cameraMode":{"drawMode":0,"name":"Shaded","section":"Shading Mode"},"sceneLighting":false,"audioPlay":false,"sceneViewState":{"showFog":true,"showMaterialUpdate":false,"showSkybox":false,"showFlares":true,"showImageEffects":true,"showParticleSystems":true},"in2DMode":false,"pivot":{"x":2.384185791015625e-7,"y":0.9250000715255737,"z":2.384185791015625e-7},"rotation":{"x":0.5069305300712586,"y":-0.49283480644226076,"z":0.5112130641937256,"w":0.48871275782585146},"size":3.8634326457977297,"orthographic":false}